,sid,qb16v,qc06
1018,1018,10.其他高技术,357631.395
1019,1019,10.其他高技术,147283.49
40,40,1.电子与信息,87575.4
52,52,1.电子与信息,49061.339
966,966,1.电子与信息,39630.17
767,767,1.电子与信息,33964.7
964,964,5.新能源、高效节能,28683.8
764,764,1.电子与信息,26354.521
465,465,1.电子与信息,23578.8
647,647,6.环境保护,22452.1
618,618,1.电子与信息,17069.8
301,301,2.生物、医药技术,15773.2
75,75,1.电子与信息,15665.5
150,150,1.电子与信息,14435.29
70,70,1.电子与信息,14349.7
417,417,4.光机电一体化,14080.9
962,962,6.环境保护,13817.9
829,829,10.其他高技术,12682.5
435,435,10.其他高技术,9596
787,787,3.新材料,8889
415,415,1.电子与信息,8435.7
1039,1039,6.环境保护,7738.5
466,466,4.光机电一体化,7688.4
515,515,1.电子与信息,7326.2
82,82,10.其他高技术,7174.4
580,580,1.电子与信息,6688.3
11,11,1.电子与信息,6249.3
847,847,2.生物、医药技术,6113.1
348,348,2.生物、医药技术,6031
37,37,1.电子与信息,5825.4
1017,1017,1.电子与信息,5333.7
292,292,10.其他高技术,5304.9
7,7,1.电子与信息,5211.195
845,845,10.其他高技术,5056.588
631,631,1.电子与信息,5053.1
628,628,2.生物、医药技术,4456.5
173,173,1.电子与信息,4384.351
310,310,2.生物、医药技术,4244
652,652,1.电子与信息,4195.4
809,809,10.其他高技术,4171
482,482,1.电子与信息,4168.7
714,714,1.电子与信息,4002.5
373,373,2.生物、医药技术,4000.8
358,358,2.生物、医药技术,4000
302,302,10.其他高技术,3852.3
477,477,6.环境保护,3789.21
1027,1027,10.其他高技术,3599.002
827,827,6.环境保护,3590.1
280,280,1.电子与信息,3538.7
187,187,1.电子与信息,3500
603,603,2.生物、医药技术,3414.3
719,719,2.生物、医药技术,3384.606
335,335,2.生物、医药技术,3344.8
176,176,1.电子与信息,3260.9
835,835,6.环境保护,3246.1
963,963,10.其他高技术,3102.6
808,808,2.生物、医药技术,3082.7
59,59,1.电子与信息,3010.8
48,48,1.电子与信息,3005.5
643,643,1.电子与信息,2817.22
1041,1041,10.其他高技术,2660.295
13,13,6.环境保护,2646.109
121,121,1.电子与信息,2615.6
16,16,1.电子与信息,2381.732
757,757,10.其他高技术,2259.8
15,15,1.电子与信息,2233.2
710,710,11.非高技术,2058.016
249,249,1.电子与信息,1852.3
605,605,1.电子与信息,1850.1
55,55,1.电子与信息,1826.9
240,240,1.电子与信息,1804.6
615,615,1.电子与信息,1800
708,708,11.非高技术,1790
592,592,1.电子与信息,1710.44
356,356,2.生物、医药技术,1700
695,695,1.电子与信息,1689
667,667,1.电子与信息,1630.491
965,965,4.光机电一体化,1622.29
145,145,1.电子与信息,1618.8
796,796,10.其他高技术,1583.04
297,297,6.环境保护,1548.3
270,270,10.其他高技术,1543.8
553,553,6.环境保护,1531.7
784,784,10.其他高技术,1507.6
326,326,10.其他高技术,1485.8
212,212,10.其他高技术,1409.2
311,311,2.生物、医药技术,1404.8
461,461,1.电子与信息,1331.3
331,331,2.生物、医药技术,1290.566
698,698,11.非高技术,1274.4
60,60,1.电子与信息,1270.406
276,276,1.电子与信息,1269.3
96,96,1.电子与信息,1209.2
1006,1006,5.新能源、高效节能,1205.164
407,407,1.电子与信息,1200.4
820,820,6.环境保护,1197.218
1049,1049,1.电子与信息,1157.525
834,834,1.电子与信息,1139.78
969,969,4.光机电一体化,1138
625,625,1.电子与信息,1134.7
745,745,1.电子与信息,1123.5
144,144,1.电子与信息,1114.3
283,283,10.其他高技术,1102.961
931,931,2.生物、医药技术,1038.1
1024,1024,1.电子与信息,1036.323
550,550,1.电子与信息,1025.1
148,148,1.电子与信息,1021.441
375,375,2.生物、医药技术,1015
572,572,1.电子与信息,1002.75
298,298,2.生物、医药技术,981.802
997,997,1.电子与信息,976.914
190,190,1.电子与信息,957.621
33,33,6.环境保护,909.133
333,333,2.生物、医药技术,894
378,378,2.生物、医药技术,882.2
650,650,10.其他高技术,860.1
822,822,6.环境保护,858.38
614,614,1.电子与信息,843.6
56,56,1.电子与信息,837.13
281,281,1.电子与信息,834.86
143,143,1.电子与信息,830.4
90,90,1.电子与信息,828.566
682,682,1.电子与信息,820
387,387,2.生物、医药技术,819.2
46,46,1.电子与信息,800.671
616,616,1.电子与信息,786.882
454,454,1.电子与信息,782.03
729,729,1.电子与信息,773.585
153,153,1.电子与信息,754.9
436,436,1.电子与信息,752.8
365,365,2.生物、医药技术,751.8
394,394,2.生物、医药技术,740
806,806,6.环境保护,724.8
141,141,1.电子与信息,724.476
8,8,1.电子与信息,711.854
101,101,1.电子与信息,704.412
621,621,1.电子与信息,695.6
683,683,6.环境保护,684.988
352,352,2.生物、医药技术,680
779,779,1.电子与信息,664.9
401,401,1.电子与信息,662.687
1025,1025,5.新能源、高效节能,657.6
116,116,1.电子与信息,646.476
720,720,2.生物、医药技术,643.018
576,576,10.其他高技术,636.7
238,238,1.电子与信息,628.75
94,94,1.电子与信息,622.574
81,81,1.电子与信息,605.897
10,10,1.电子与信息,600.846
791,791,6.环境保护,592.4
646,646,10.其他高技术,587.1
481,481,1.电子与信息,576.945
334,334,2.生物、医药技术,552.21
289,289,2.生物、医药技术,550.07
510,510,1.电子与信息,546.9
951,951,10.其他高技术,540.8
398,398,4.光机电一体化,536.198
241,241,1.电子与信息,519.9
533,533,2.生物、医药技术,515
673,673,1.电子与信息,508.6
314,314,2.生物、医药技术,508.491
85,85,1.电子与信息,507.615
1036,1036,1.电子与信息,493.9
57,57,1.电子与信息,491.9
754,754,3.新材料,485.849
18,18,5.新能源、高效节能,480.5
114,114,1.电子与信息,468.883
814,814,10.其他高技术,464.2
362,362,2.生物、医药技术,445.94
819,819,10.其他高技术,445.02
169,169,1.电子与信息,441.35
711,711,4.光机电一体化,437.111
68,68,10.其他高技术,422.4
588,588,1.电子与信息,421.955
158,158,1.电子与信息,419.657
444,444,3.新材料,410.648
600,600,1.电子与信息,409.055
3,3,1.电子与信息,404.27
336,336,2.生物、医药技术,395.5
79,79,1.电子与信息,388.948
599,599,1.电子与信息,388.394
426,426,1.电子与信息,383.023
950,950,1.电子与信息,373.571
810,810,10.其他高技术,373.323
205,205,1.电子与信息,367.46
613,613,3.新材料,360.128
442,442,2.生物、医药技术,360
251,251,1.电子与信息,357.743
973,973,1.电子与信息,355.58
34,34,1.电子与信息,348.797
653,653,1.电子与信息,347.7
839,839,1.电子与信息,345.2
765,765,2.生物、医药技术,341.2
701,701,3.新材料,341
694,694,1.电子与信息,339.73
666,666,1.电子与信息,337.95
403,403,1.电子与信息,330
1020,1020,4.光机电一体化,327.17
182,182,1.电子与信息,322.531
12,12,4.光机电一体化,315.5
345,345,4.光机电一体化,310.4
45,45,1.电子与信息,306.8
409,409,10.其他高技术,297.7
837,837,1.电子与信息,294.909
217,217,1.电子与信息,289.886
513,513,1.电子与信息,285.077
419,419,1.电子与信息,284.137
125,125,1.电子与信息,279
346,346,4.光机电一体化,278.3
926,926,2.生物、医药技术,276.23
638,638,6.环境保护,273
47,47,1.电子与信息,252.634
36,36,1.电子与信息,252.6
983,983,1.电子与信息,248.932
1028,1028,6.环境保护,248.53
220,220,1.电子与信息,246.226
109,109,5.新能源、高效节能,238.396
494,494,1.电子与信息,236.5
478,478,2.生物、医药技术,234
542,542,2.生物、医药技术,223.715
222,222,1.电子与信息,221.698
721,721,1.电子与信息,219.285
733,733,1.电子与信息,217.424
830,830,2.生物、医药技术,216.9
463,463,10.其他高技术,212.38
423,423,7.航空航天,205.9
584,584,4.光机电一体化,205.167
49,49,1.电子与信息,202.83
317,317,4.光机电一体化,200
65,65,1.电子与信息,195.757
1022,1022,4.光机电一体化,192.264
469,469,4.光机电一体化,187.8
29,29,1.电子与信息,186
703,703,1.电子与信息,184.4
559,559,1.电子与信息,183.131
741,741,1.电子与信息,182.5
687,687,2.生物、医药技术,181.917
649,649,1.电子与信息,178.9
662,662,1.电子与信息,177.4
925,925,6.环境保护,175.54
416,416,10.其他高技术,173.845
636,636,1.电子与信息,173.53
630,630,1.电子与信息,172.7
644,644,10.其他高技术,162
131,131,10.其他高技术,160.9
118,118,1.电子与信息,160.636
256,256,5.新能源、高效节能,160.422
626,626,1.电子与信息,154.948
421,421,1.电子与信息,153
462,462,1.电子与信息,152.17
601,601,1.电子与信息,151.6
597,597,1.电子与信息,150.9
543,543,4.光机电一体化,150
1003,1003,1.电子与信息,149.858
659,659,4.光机电一体化,149.7
943,943,6.环境保护,148.8
668,668,6.环境保护,147.481
815,815,5.新能源、高效节能,147.3
989,989,1.电子与信息,139.7
147,147,1.电子与信息,136.49
606,606,1.电子与信息,136
756,756,10.其他高技术,133.019
749,749,1.电子与信息,132.762
98,98,1.电子与信息,132
1033,1033,1.电子与信息,130
112,112,1.电子与信息,129.942
546,546,1.电子与信息,128.3
538,538,10.其他高技术,127.337
620,620,4.光机电一体化,124.6
323,323,2.生物、医药技术,122.474
58,58,1.电子与信息,121.598
221,221,3.新材料,120.3
670,670,4.光机电一体化,120
253,253,1.电子与信息,118.774
624,624,5.新能源、高效节能,117.6
1043,1043,4.光机电一体化,117.2
946,946,3.新材料,116.509
24,24,1.电子与信息,112.1
124,124,1.电子与信息,110.7
110,110,1.电子与信息,110.089
944,944,2.生物、医药技术,103.632
183,183,1.电子与信息,102.7
330,330,4.光机电一体化,102.7
817,817,2.生物、医药技术,100.283
485,485,2.生物、医药技术,100
763,763,1.电子与信息,100
1016,1016,1.电子与信息,96.65
457,457,1.电子与信息,96.46
201,201,11.非高技术,95.538
178,178,1.电子与信息,95.08
634,634,6.环境保护,94.3
690,690,5.新能源、高效节能,92.399
453,453,1.电子与信息,89.42
771,771,11.非高技术,86.803
740,740,4.光机电一体化,84.895
691,691,1.电子与信息,84.598
128,128,1.电子与信息,83.79
123,123,1.电子与信息,81.8
797,797,3.新材料,80.617
924,924,11.非高技术,80.466
566,566,1.电子与信息,80.2
167,167,1.电子与信息,80.131
439,439,3.新材料,80.1
185,185,1.电子与信息,79
681,681,1.电子与信息,77.896
560,560,6.环境保护,75.5
433,433,6.环境保护,75.1
476,476,1.电子与信息,73.2
142,142,1.电子与信息,72.536
17,17,1.电子与信息,72.358
152,152,1.电子与信息,71.181
795,795,10.其他高技术,70.7
244,244,1.电子与信息,70.4
1029,1029,5.新能源、高效节能,69.8
39,39,1.电子与信息,68
661,661,1.电子与信息,67.901
181,181,1.电子与信息,67
262,262,1.电子与信息,66.667
655,655,1.电子与信息,66.5
230,230,1.电子与信息,65.46
404,404,4.光机电一体化,65.4
303,303,2.生物、医药技术,64.22
500,500,1.电子与信息,62.149
813,813,3.新材料,60.88
338,338,2.生物、医药技术,60.7
602,602,1.电子与信息,60.5
443,443,1.电子与信息,60.123
146,146,1.电子与信息,60
735,735,1.电子与信息,60
372,372,2.生物、医药技术,57.6
87,87,1.电子与信息,56.6
246,246,11.非高技术,54.813
208,208,1.电子与信息,54.74
43,43,4.光机电一体化,54.047
259,259,1.电子与信息,53.2
412,412,6.环境保护,52.925
731,731,1.电子与信息,50
343,343,2.生物、医药技术,49.28
400,400,1.电子与信息,48.621
1002,1002,4.光机电一体化,47.4
104,104,1.电子与信息,47.17
831,831,3.新材料,47.1
127,127,1.电子与信息,46.7
377,377,2.生物、医药技术,45.8
922,922,6.环境保护,42.453
772,772,4.光机电一体化,42
1037,1037,1.电子与信息,41.792
437,437,3.新材料,41.3
877,877,2.生物、医药技术,41
458,458,1.电子与信息,39.943
999,999,1.电子与信息,39.434
769,769,1.电子与信息,39.338
881,881,1.电子与信息,38.136
325,325,1.电子与信息,37
794,794,1.电子与信息,35
459,459,4.光机电一体化,33.018
873,873,4.光机电一体化,32.522
486,486,1.电子与信息,32.047
585,585,4.光机电一体化,31.628
122,122,1.电子与信息,31.2
869,869,1.电子与信息,31.158
175,175,1.电子与信息,30.66
736,736,1.电子与信息,30.188
92,92,5.新能源、高效节能,30
160,160,1.电子与信息,30
206,206,1.电子与信息,30
177,177,6.环境保护,29.8
730,730,6.环境保护,29.126
449,449,3.新材料,28.8
875,875,3.新材料,28.302
970,970,1.电子与信息,28.302
899,899,3.新材料,28.3
505,505,7.航空航天,28.003
66,66,1.电子与信息,27.8
322,322,2.生物、医药技术,27.604
305,305,2.生物、医药技术,27.13
824,824,6.环境保护,25.862
675,675,1.电子与信息,25.54
1014,1014,4.光机电一体化,25.1
191,191,1.电子与信息,24.286
77,77,1.电子与信息,24.117
340,340,2.生物、医药技术,23.98
1012,1012,1.电子与信息,22.87
868,868,3.新材料,22.641
385,385,2.生物、医药技术,22.56
93,93,1.电子与信息,22.186
107,107,1.电子与信息,21.36
76,76,4.光机电一体化,20.99
136,136,1.电子与信息,20.519
604,604,4.光机电一体化,20.2
265,265,1.电子与信息,20
1013,1013,1.电子与信息,20
111,111,1.电子与信息,19.811
71,71,4.光机电一体化,19.5
277,277,1.电子与信息,19.4
202,202,1.电子与信息,18.867
197,197,4.光机电一体化,17.62
129,129,1.电子与信息,17.087
418,418,3.新材料,16.8
119,119,3.新材料,16.696
308,308,4.光机电一体化,15.5
408,408,4.光机电一体化,14.1
677,677,4.光机电一体化,13.7
752,752,6.环境保护,13.019
5,5,1.电子与信息,12.9
211,211,4.光机电一体化,12.45
672,672,1.电子与信息,12.01
579,579,4.光机电一体化,12
250,250,1.电子与信息,11.512
923,923,3.新材料,11.5
97,97,1.电子与信息,10.873
172,172,10.其他高技术,10.732
269,269,1.电子与信息,10.68
273,273,1.电子与信息,10
536,536,6.环境保护,10
866,866,10.其他高技术,9.709
530,530,5.新能源、高效节能,9.434
327,327,6.环境保护,9.4
715,715,1.电子与信息,8.96
429,429,1.电子与信息,8.66
1010,1010,10.其他高技术,8.598
464,464,1.电子与信息,8.286
864,864,3.新材料,8.178
501,501,1.电子与信息,8.019
535,535,2.生物、医药技术,8
891,891,5.新能源、高效节能,7.665
712,712,1.电子与信息,7.547
475,475,1.电子与信息,7.321
1011,1011,1.电子与信息,7.281
171,171,3.新材料,7.087
108,108,6.环境保护,6.7
758,758,11.非高技术,6.6
732,732,3.新材料,6.19
1,1,2.生物、医药技术,6
684,684,6.环境保护,6
887,887,2.生物、医药技术,5.825
594,594,6.环境保护,5.8
693,693,1.电子与信息,5.512
72,72,1.电子与信息,5.337
861,861,2.生物、医药技术,5.151
74,74,4.光机电一体化,5
770,770,1.电子与信息,5
271,271,1.电子与信息,4.9
751,751,1.电子与信息,4.717
885,885,6.环境保护,4.716
509,509,5.新能源、高效节能,4.7
851,851,3.新材料,4.515
395,395,2.生物、医药技术,4.5
529,529,2.生物、医药技术,4.5
977,977,5.新能源、高效节能,4.2
679,679,1.电子与信息,4.1
577,577,3.新材料,3.6
38,38,1.电子与信息,3.538
742,742,1.电子与信息,3.495
570,570,4.光机电一体化,3
224,224,1.电子与信息,2.9
671,671,1.电子与信息,2.6
1031,1031,10.其他高技术,2.547
680,680,4.光机电一体化,2.45
910,910,2.生物、医药技术,2.291
349,349,4.光机电一体化,2
229,229,1.电子与信息,1.942
1009,1009,10.其他高技术,1.941
755,755,3.新材料,1.9
361,361,2.生物、医药技术,1.887
895,895,5.新能源、高效节能,1.748
247,247,4.光机电一体化,1.415
30,30,4.光机电一体化,1.37
717,717,1.电子与信息,1.147
275,275,1.电子与信息,1
762,762,2.生物、医药技术,0.943
1034,1034,4.光机电一体化,0.811
354,354,2.生物、医药技术,0.78
28,28,6.环境保护,0.726
919,919,3.新材料,0.68
914,914,2.生物、医药技术,0.4
544,544,2.生物、医药技术,0.34
364,364,2.生物、医药技术,0.3
738,738,3.新材料,0.3
207,207,1.电子与信息,0.219
162,162,11.非高技术,0.1
203,203,10.其他高技术,0.1
773,773,1.电子与信息,0.096
2,2,1.电子与信息,0
4,4,4.光机电一体化,0
6,6,4.光机电一体化,0
9,9,1.电子与信息,0
14,14,4.光机电一体化,0
19,19,1.电子与信息,0
20,20,1.电子与信息,0
21,21,1.电子与信息,0
22,22,10.其他高技术,0
23,23,1.电子与信息,0
25,25,1.电子与信息,0
26,26,3.新材料,0
27,27,1.电子与信息,0
31,31,1.电子与信息,0
32,32,5.新能源、高效节能,0
35,35,4.光机电一体化,0
41,41,1.电子与信息,0
42,42,3.新材料,0
44,44,1.电子与信息,0
50,50,1.电子与信息,0
51,51,1.电子与信息,0
53,53,1.电子与信息,0
54,54,4.光机电一体化,0
61,61,10.其他高技术,0
62,62,1.电子与信息,0
63,63,4.光机电一体化,0
64,64,3.新材料,0
67,67,1.电子与信息,0
69,69,1.电子与信息,0
73,73,1.电子与信息,0
78,78,4.光机电一体化,0
80,80,5.新能源、高效节能,0
83,83,7.航空航天,0
84,84,4.光机电一体化,0
86,86,1.电子与信息,0
88,88,6.环境保护,0
89,89,3.新材料,0
91,91,1.电子与信息,0
95,95,10.其他高技术,0
99,99,5.新能源、高效节能,0
100,100,5.新能源、高效节能,0
102,102,1.电子与信息,0
103,103,5.新能源、高效节能,0
105,105,1.电子与信息,0
106,106,1.电子与信息,0
113,113,1.电子与信息,0
115,115,1.电子与信息,0
117,117,1.电子与信息,0
120,120,9.核应用技术,0
126,126,1.电子与信息,0
130,130,4.光机电一体化,0
132,132,10.其他高技术,0
133,133,1.电子与信息,0
134,134,1.电子与信息,0
135,135,7.航空航天,0
137,137,7.航空航天,0
138,138,11.非高技术,0
139,139,1.电子与信息,0
140,140,1.电子与信息,0
149,149,1.电子与信息,0
151,151,11.非高技术,0
154,154,4.光机电一体化,0
155,155,11.非高技术,0
156,156,1.电子与信息,0
157,157,4.光机电一体化,0
159,159,10.其他高技术,0
161,161,1.电子与信息,0
163,163,5.新能源、高效节能,0
164,164,5.新能源、高效节能,0
165,165,4.光机电一体化,0
166,166,4.光机电一体化,0
168,168,4.光机电一体化,0
170,170,11.非高技术,0
174,174,1.电子与信息,0
179,179,1.电子与信息,0
180,180,6.环境保护,0
184,184,6.环境保护,0
186,186,1.电子与信息,0
188,188,11.非高技术,0
189,189,1.电子与信息,0
192,192,4.光机电一体化,0
193,193,10.其他高技术,0
194,194,11.非高技术,0
195,195,3.新材料,0
196,196,10.其他高技术,0
198,198,5.新能源、高效节能,0
199,199,4.光机电一体化,0
200,200,1.电子与信息,0
204,204,2.生物、医药技术,0
209,209,1.电子与信息,0
210,210,1.电子与信息,0
213,213,1.电子与信息,0
214,214,1.电子与信息,0
215,215,11.非高技术,0
216,216,1.电子与信息,0
218,218,3.新材料,0
219,219,1.电子与信息,0
223,223,2.生物、医药技术,0
225,225,1.电子与信息,0
226,226,1.电子与信息,0
227,227,5.新能源、高效节能,0
228,228,5.新能源、高效节能,0
231,231,1.电子与信息,0
232,232,1.电子与信息,0
233,233,11.非高技术,0
234,234,1.电子与信息,0
235,235,1.电子与信息,0
236,236,11.非高技术,0
237,237,2.生物、医药技术,0
239,239,1.电子与信息,0
242,242,4.光机电一体化,0
243,243,1.电子与信息,0
245,245,1.电子与信息,0
248,248,3.新材料,0
252,252,5.新能源、高效节能,0
254,254,1.电子与信息,0
255,255,1.电子与信息,0
257,257,1.电子与信息,0
258,258,1.电子与信息,0
260,260,1.电子与信息,0
261,261,1.电子与信息,0
263,263,1.电子与信息,0
264,264,1.电子与信息,0
266,266,1.电子与信息,0
267,267,1.电子与信息,0
268,268,1.电子与信息,0
272,272,1.电子与信息,0
274,274,1.电子与信息,0
278,278,1.电子与信息,0
279,279,1.电子与信息,0
282,282,2.生物、医药技术,0
284,284,2.生物、医药技术,0
285,285,2.生物、医药技术,0
286,286,2.生物、医药技术,0
287,287,2.生物、医药技术,0
288,288,2.生物、医药技术,0
290,290,2.生物、医药技术,0
291,291,2.生物、医药技术,0
293,293,2.生物、医药技术,0
294,294,2.生物、医药技术,0
295,295,4.光机电一体化,0
296,296,2.生物、医药技术,0
299,299,2.生物、医药技术,0
300,300,4.光机电一体化,0
304,304,4.光机电一体化,0
306,306,1.电子与信息,0
307,307,2.生物、医药技术,0
309,309,4.光机电一体化,0
312,312,4.光机电一体化,0
313,313,2.生物、医药技术,0
315,315,4.光机电一体化,0
316,316,2.生物、医药技术,0
318,318,4.光机电一体化,0
319,319,2.生物、医药技术,0
320,320,2.生物、医药技术,0
321,321,4.光机电一体化,0
324,324,1.电子与信息,0
328,328,6.环境保护,0
329,329,2.生物、医药技术,0
332,332,2.生物、医药技术,0
337,337,6.环境保护,0
339,339,2.生物、医药技术,0
341,341,2.生物、医药技术,0
342,342,2.生物、医药技术,0
344,344,2.生物、医药技术,0
347,347,2.生物、医药技术,0
350,350,6.环境保护,0
351,351,2.生物、医药技术,0
353,353,4.光机电一体化,0
355,355,4.光机电一体化,0
357,357,6.环境保护,0
359,359,2.生物、医药技术,0
360,360,2.生物、医药技术,0
363,363,2.生物、医药技术,0
366,366,2.生物、医药技术,0
367,367,4.光机电一体化,0
368,368,11.非高技术,0
369,369,2.生物、医药技术,0
370,370,2.生物、医药技术,0
371,371,2.生物、医药技术,0
374,374,2.生物、医药技术,0
376,376,4.光机电一体化,0
379,379,1.电子与信息,0
380,380,2.生物、医药技术,0
381,381,3.新材料,0
382,382,6.环境保护,0
383,383,6.环境保护,0
384,384,2.生物、医药技术,0
386,386,2.生物、医药技术,0
388,388,2.生物、医药技术,0
389,389,2.生物、医药技术,0
390,390,4.光机电一体化,0
391,391,2.生物、医药技术,0
392,392,2.生物、医药技术,0
393,393,2.生物、医药技术,0
396,396,1.电子与信息,0
397,397,4.光机电一体化,0
399,399,4.光机电一体化,0
402,402,4.光机电一体化,0
405,405,1.电子与信息,0
406,406,4.光机电一体化,0
410,410,3.新材料,0
411,411,3.新材料,0
413,413,3.新材料,0
414,414,2.生物、医药技术,0
420,420,6.环境保护,0
422,422,10.其他高技术,0
424,424,1.电子与信息,0
425,425,4.光机电一体化,0
427,427,2.生物、医药技术,0
428,428,3.新材料,0
430,430,5.新能源、高效节能,0
431,431,4.光机电一体化,0
432,432,5.新能源、高效节能,0
434,434,4.光机电一体化,0
438,438,1.电子与信息,0
440,440,4.光机电一体化,0
441,441,4.光机电一体化,0
445,445,4.光机电一体化,0
446,446,5.新能源、高效节能,0
447,447,4.光机电一体化,0
448,448,1.电子与信息,0
450,450,1.电子与信息,0
451,451,1.电子与信息,0
452,452,1.电子与信息,0
455,455,4.光机电一体化,0
456,456,5.新能源、高效节能,0
460,460,2.生物、医药技术,0
467,467,3.新材料,0
468,468,4.光机电一体化,0
470,470,3.新材料,0
471,471,10.其他高技术,0
472,472,2.生物、医药技术,0
473,473,3.新材料,0
474,474,5.新能源、高效节能,0
479,479,5.新能源、高效节能,0
480,480,4.光机电一体化,0
483,483,5.新能源、高效节能,0
484,484,4.光机电一体化,0
487,487,3.新材料,0
488,488,5.新能源、高效节能,0
489,489,3.新材料,0
490,490,2.生物、医药技术,0
491,491,4.光机电一体化,0
492,492,5.新能源、高效节能,0
493,493,1.电子与信息,0
495,495,4.光机电一体化,0
496,496,5.新能源、高效节能,0
497,497,1.电子与信息,0
498,498,10.其他高技术,0
499,499,11.非高技术,0
502,502,10.其他高技术,0
503,503,1.电子与信息,0
504,504,10.其他高技术,0
506,506,5.新能源、高效节能,0
507,507,10.其他高技术,0
508,508,4.光机电一体化,0
511,511,1.电子与信息,0
512,512,6.环境保护,0
514,514,3.新材料,0
516,516,1.电子与信息,0
517,517,1.电子与信息,0
518,518,11.非高技术,0
519,519,4.光机电一体化,0
520,520,3.新材料,0
521,521,5.新能源、高效节能,0
522,522,5.新能源、高效节能,0
523,523,3.新材料,0
524,524,1.电子与信息,0
525,525,4.光机电一体化,0
526,526,3.新材料,0
527,527,11.非高技术,0
528,528,1.电子与信息,0
531,531,1.电子与信息,0
532,532,1.电子与信息,0
534,534,4.光机电一体化,0
537,537,5.新能源、高效节能,0
539,539,6.环境保护,0
540,540,5.新能源、高效节能,0
541,541,1.电子与信息,0
545,545,6.环境保护,0
547,547,1.电子与信息,0
548,548,3.新材料,0
549,549,9.核应用技术,0
551,551,4.光机电一体化,0
552,552,4.光机电一体化,0
554,554,4.光机电一体化,0
555,555,4.光机电一体化,0
556,556,2.生物、医药技术,0
557,557,6.环境保护,0
558,558,11.非高技术,0
561,561,2.生物、医药技术,0
562,562,4.光机电一体化,0
563,563,4.光机电一体化,0
564,564,5.新能源、高效节能,0
565,565,6.环境保护,0
567,567,4.光机电一体化,0
568,568,11.非高技术,0
569,569,6.环境保护,0
571,571,4.光机电一体化,0
573,573,3.新材料,0
574,574,1.电子与信息,0
575,575,4.光机电一体化,0
578,578,3.新材料,0
581,581,5.新能源、高效节能,0
582,582,3.新材料,0
583,583,1.电子与信息,0
586,586,1.电子与信息,0
587,587,10.其他高技术,0
589,589,1.电子与信息,0
590,590,4.光机电一体化,0
591,591,6.环境保护,0
593,593,6.环境保护,0
595,595,4.光机电一体化,0
596,596,1.电子与信息,0
598,598,1.电子与信息,0
607,607,1.电子与信息,0
608,608,4.光机电一体化,0
609,609,10.其他高技术,0
610,610,4.光机电一体化,0
611,611,4.光机电一体化,0
612,612,2.生物、医药技术,0
617,617,2.生物、医药技术,0
619,619,3.新材料,0
622,622,10.其他高技术,0
623,623,4.光机电一体化,0
627,627,6.环境保护,0
629,629,4.光机电一体化,0
632,632,6.环境保护,0
633,633,1.电子与信息,0
635,635,3.新材料,0
637,637,4.光机电一体化,0
639,639,5.新能源、高效节能,0
640,640,3.新材料,0
641,641,10.其他高技术,0
642,642,6.环境保护,0
645,645,1.电子与信息,0
648,648,4.光机电一体化,0
651,651,4.光机电一体化,0
654,654,1.电子与信息,0
656,656,2.生物、医药技术,0
657,657,4.光机电一体化,0
658,658,1.电子与信息,0
660,660,1.电子与信息,0
663,663,1.电子与信息,0
664,664,4.光机电一体化,0
665,665,2.生物、医药技术,0
669,669,4.光机电一体化,0
674,674,1.电子与信息,0
676,676,4.光机电一体化,0
678,678,1.电子与信息,0
685,685,1.电子与信息,0
686,686,1.电子与信息,0
688,688,1.电子与信息,0
689,689,4.光机电一体化,0
692,692,2.生物、医药技术,0
696,696,11.非高技术,0
697,697,1.电子与信息,0
699,699,1.电子与信息,0
700,700,1.电子与信息,0
702,702,1.电子与信息,0
704,704,7.航空航天,0
705,705,1.电子与信息,0
706,706,4.光机电一体化,0
707,707,1.电子与信息,0
709,709,11.非高技术,0
713,713,11.非高技术,0
716,716,1.电子与信息,0
718,718,2.生物、医药技术,0
722,722,1.电子与信息,0
723,723,1.电子与信息,0
724,724,1.电子与信息,0
725,725,11.非高技术,0
726,726,11.非高技术,0
727,727,1.电子与信息,0
728,728,1.电子与信息,0
734,734,1.电子与信息,0
737,737,3.新材料,0
739,739,3.新材料,0
743,743,4.光机电一体化,0
744,744,1.电子与信息,0
746,746,11.非高技术,0
747,747,10.其他高技术,0
748,748,1.电子与信息,0
750,750,1.电子与信息,0
753,753,4.光机电一体化,0
759,759,1.电子与信息,0
760,760,1.电子与信息,0
761,761,11.非高技术,0
766,766,11.非高技术,0
768,768,1.电子与信息,0
774,774,1.电子与信息,0
775,775,3.新材料,0
776,776,2.生物、医药技术,0
777,777,3.新材料,0
778,778,6.环境保护,0
780,780,3.新材料,0
781,781,5.新能源、高效节能,0
782,782,2.生物、医药技术,0
783,783,2.生物、医药技术,0
785,785,3.新材料,0
786,786,6.环境保护,0
788,788,2.生物、医药技术,0
789,789,3.新材料,0
790,790,3.新材料,0
792,792,3.新材料,0
793,793,3.新材料,0
798,798,3.新材料,0
799,799,2.生物、医药技术,0
800,800,3.新材料,0
801,801,3.新材料,0
802,802,3.新材料,0
803,803,3.新材料,0
804,804,3.新材料,0
805,805,3.新材料,0
807,807,3.新材料,0
811,811,2.生物、医药技术,0
812,812,3.新材料,0
816,816,3.新材料,0
818,818,2.生物、医药技术,0
821,821,2.生物、医药技术,0
823,823,2.生物、医药技术,0
825,825,3.新材料,0
826,826,3.新材料,0
828,828,3.新材料,0
832,832,3.新材料,0
833,833,5.新能源、高效节能,0
836,836,3.新材料,0
838,838,3.新材料,0
840,840,3.新材料,0
841,841,3.新材料,0
842,842,2.生物、医药技术,0
843,843,2.生物、医药技术,0
844,844,3.新材料,0
846,846,3.新材料,0
848,848,10.其他高技术,0
849,849,3.新材料,0
850,850,3.新材料,0
852,852,3.新材料,0
853,853,10.其他高技术,0
854,854,2.生物、医药技术,0
855,855,3.新材料,0
856,856,6.环境保护,0
857,857,3.新材料,0
858,858,5.新能源、高效节能,0
859,859,2.生物、医药技术,0
860,860,2.生物、医药技术,0
862,862,6.环境保护,0
863,863,6.环境保护,0
865,865,2.生物、医药技术,0
867,867,2.生物、医药技术,0
870,870,3.新材料,0
871,871,3.新材料,0
872,872,11.非高技术,0
874,874,4.光机电一体化,0
876,876,3.新材料,0
878,878,3.新材料,0
879,879,3.新材料,0
880,880,3.新材料,0
882,882,5.新能源、高效节能,0
883,883,3.新材料,0
884,884,2.生物、医药技术,0
886,886,3.新材料,0
888,888,3.新材料,0
889,889,3.新材料,0
890,890,2.生物、医药技术,0
892,892,6.环境保护,0
893,893,4.光机电一体化,0
894,894,11.非高技术,0
896,896,3.新材料,0
897,897,3.新材料,0
898,898,6.环境保护,0
900,900,3.新材料,0
901,901,2.生物、医药技术,0
902,902,3.新材料,0
903,903,3.新材料,0
904,904,3.新材料,0
905,905,3.新材料,0
906,906,3.新材料,0
907,907,2.生物、医药技术,0
908,908,3.新材料,0
909,909,10.其他高技术,0
911,911,4.光机电一体化,0
912,912,3.新材料,0
913,913,3.新材料,0
915,915,3.新材料,0
916,916,10.其他高技术,0
917,917,3.新材料,0
918,918,1.电子与信息,0
920,920,1.电子与信息,0
921,921,5.新能源、高效节能,0
927,927,3.新材料,0
928,928,11.非高技术,0
929,929,3.新材料,0
930,930,3.新材料,0
932,932,3.新材料,0
933,933,11.非高技术,0
934,934,11.非高技术,0
935,935,6.环境保护,0
936,936,6.环境保护,0
937,937,3.新材料,0
938,938,11.非高技术,0
939,939,3.新材料,0
940,940,3.新材料,0
941,941,1.电子与信息,0
942,942,3.新材料,0
945,945,2.生物、医药技术,0
947,947,6.环境保护,0
948,948,3.新材料,0
949,949,2.生物、医药技术,0
952,952,2.生物、医药技术,0
953,953,3.新材料,0
954,954,3.新材料,0
955,955,3.新材料,0
956,956,6.环境保护,0
957,957,3.新材料,0
958,958,4.光机电一体化,0
959,959,2.生物、医药技术,0
960,960,10.其他高技术,0
961,961,1.电子与信息,0
967,967,4.光机电一体化,0
968,968,3.新材料,0
971,971,1.电子与信息,0
972,972,1.电子与信息,0
974,974,1.电子与信息,0
975,975,1.电子与信息,0
976,976,3.新材料,0
978,978,3.新材料,0
979,979,3.新材料,0
980,980,4.光机电一体化,0
981,981,10.其他高技术,0
982,982,1.电子与信息,0
984,984,1.电子与信息,0
985,985,1.电子与信息,0
986,986,1.电子与信息,0
987,987,1.电子与信息,0
988,988,4.光机电一体化,0
990,990,3.新材料,0
991,991,3.新材料,0
992,992,4.光机电一体化,0
993,993,3.新材料,0
994,994,3.新材料,0
995,995,4.光机电一体化,0
996,996,4.光机电一体化,0
998,998,3.新材料,0
1000,1000,4.光机电一体化,0
1001,1001,10.其他高技术,0
1004,1004,10.其他高技术,0
1005,1005,4.光机电一体化,0
1007,1007,4.光机电一体化,0
1008,1008,4.光机电一体化,0
1015,1015,10.其他高技术,0
1021,1021,4.光机电一体化,0
1023,1023,1.电子与信息,0
1026,1026,5.新能源、高效节能,0
1030,1030,10.其他高技术,0
1032,1032,1.电子与信息,0
1035,1035,4.光机电一体化,0
1038,1038,6.环境保护,0
1040,1040,6.环境保护,0
1042,1042,6.环境保护,0
1044,1044,6.环境保护,0
1045,1045,5.新能源、高效节能,0
1046,1046,3.新材料,0
1047,1047,3.新材料,0
1048,1048,11.非高技术,0
1050,1050,10.其他高技术,0
1051,1051,2.生物、医药技术,0
